"n_vout","count"
0,"534"
1,"18376"
2,"55673"
3,"103958"
4,"127068"
5,"102382"
6,"66723"
7,"44045"
8,"28836"
9,"23025"
10,"18905"
11,"18473"
12,"16774"
13,"14173"
14,"11324"
15,"8308"
16,"5819"
17,"4587"
18,"5436"
19,"7969"
20,"12056"
21,"16636"
22,"18519"
23,"17075"
24,"12823"
25,"8222"
26,"5026"
27,"3547"
28,"2951"
29,"2773"
30,"2696"
31,"2654"
32,"2485"
33,"2468"
34,"2421"
35,"2374"
36,"2281"
37,"2205"
38,"2000"
39,"1941"
40,"1987"
41,"1944"
42,"1894"
43,"1879"
44,"1891"
45,"1988"
46,"1954"
47,"1879"
48,"1824"
49,"1976"
50,"2751"
51,"3049"
52,"2738"
53,"2644"
54,"2691"
55,"2550"
56,"2493"
57,"2350"
58,"2317"
59,"2146"
60,"1982"
61,"1852"
62,"1860"
63,"1705"
64,"1744"
65,"1573"
66,"1493"
67,"1327"
68,"1225"
69,"1085"
70,"1047"
71,"915"
72,"889"
73,"755"
74,"735"
75,"708"
76,"675"
77,"632"
78,"681"
79,"627"
80,"612"
81,"591"
82,"579"
83,"579"
84,"552"
85,"561"
86,"478"
87,"526"
88,"506"
89,"513"
90,"539"
91,"504"
92,"520"
93,"506"
94,"474"
95,"474"
96,"491"
97,"457"
98,"491"
99,"687"
100,"1237"
101,"699"
102,"1015"
103,"678"
104,"610"
105,"609"
106,"529"
107,"527"
108,"546"
109,"504"
110,"552"
111,"553"
112,"538"
113,"558"
114,"548"
115,"530"
116,"541"
117,"459"
118,"528"
119,"481"
120,"465"
121,"462"
122,"452"
123,"401"
124,"387"
125,"388"
126,"369"
127,"390"
128,"378"
129,"352"
130,"377"
131,"364"
132,"387"
133,"414"
134,"399"
135,"381"
136,"365"
137,"401"
138,"381"
139,"371"
140,"330"
141,"319"
142,"331"
143,"298"
144,"240"
145,"267"
146,"242"
147,"212"
148,"232"
149,"165"
150,"184"
151,"179"
152,"160"
153,"140"
154,"141"
155,"138"
156,"147"
157,"110"
158,"106"
159,"115"
160,"72"
161,"89"
162,"85"
163,"88"
164,"95"
165,"91"
166,"78"
167,"66"
168,"69"
169,"81"
170,"78"
171,"65"
172,"71"
173,"80"
174,"79"
175,"79"
176,"66"
177,"63"
178,"60"
179,"60"
180,"57"
181,"61"
182,"54"
183,"45"
184,"50"
185,"40"
186,"38"
187,"44"
188,"40"
189,"37"
190,"37"
191,"41"
192,"33"
193,"19"
194,"40"
195,"36"
196,"39"
197,"41"
198,"34"
199,"44"
200,"38"
201,"47"
202,"55"
203,"52"
204,"49"
205,"38"
206,"35"
207,"39"
208,"35"
209,"26"
210,"32"
211,"26"
212,"18"
213,"20"
214,"23"
215,"17"
216,"9"
217,"11"
218,"15"
219,"16"
220,"16"
221,"25"
222,"17"
223,"19"
224,"8"
225,"15"
226,"22"
227,"9"
228,"14"
229,"13"
230,"20"
231,"18"
232,"17"
233,"16"
234,"27"
235,"30"
236,"21"
237,"32"
238,"28"
239,"27"
240,"26"
241,"25"
242,"19"
243,"24"
244,"18"
245,"28"
246,"32"
247,"27"
248,"33"
249,"29"
250,"24"
251,"21"
252,"25"
253,"30"
254,"38"
255,"20"
256,"27"
257,"24"
258,"29"
259,"30"
260,"36"
261,"26"
262,"27"
263,"30"
264,"33"
265,"31"
266,"40"
267,"27"
268,"38"
269,"30"
270,"36"
271,"29"
272,"22"
273,"29"
274,"13"
275,"20"
276,"25"
277,"23"
278,"14"
279,"29"
280,"23"
281,"27"
282,"46"
283,"27"
284,"27"
285,"26"
286,"25"
287,"28"
288,"27"
289,"30"
290,"25"
291,"18"
292,"36"
293,"34"
294,"35"
295,"28"
296,"18"
297,"25"
298,"31"
299,"29"
300,"29"
301,"21"
302,"19"
303,"27"
304,"19"
305,"17"
306,"15"
307,"13"
308,"8"
309,"4"
310,"13"
311,"8"
312,"10"
313,"11"
314,"5"
315,"3"
316,"8"
317,"5"
318,"1"
319,"2"
320,"6"
321,"3"
322,"8"
323,"4"
324,"3"
325,"3"
326,"2"
327,"4"
328,"2"
329,"3"
330,"2"
331,"1"
332,"2"
333,"5"
334,"2"
335,"5"
339,"2"
340,"4"
341,"2"
343,"1"
344,"2"
345,"1"
346,"1"
347,"2"
348,"3"
349,"2"
350,"1"
351,"1"
352,"3"
353,"2"
356,"1"
357,"1"
362,"1"
365,"1"
367,"1"
369,"1"
374,"1"
376,"2"
378,"1"
384,"3"
387,"1"
390,"1"
392,"1"
397,"2"
399,"1"
405,"1"
406,"1"
410,"1"
415,"1"
416,"1"
417,"1"
419,"1"
420,"1"
422,"2"
424,"1"
425,"1"
427,"1"
431,"1"
432,"1"
442,"1"
449,"2"
451,"1"
453,"2"
456,"1"
457,"1"
458,"3"
460,"2"
461,"1"
462,"2"
466,"2"
467,"1"
470,"2"
471,"1"
475,"1"
479,"1"
484,"1"
485,"1"
489,"1"
491,"1"
505,"1"
508,"2"
516,"1"
527,"1"
528,"1"
530,"1"
531,"1"
532,"1"
533,"1"
534,"1"
537,"1"
538,"1"
539,"2"
541,"1"
542,"1"
543,"1"
546,"2"
550,"1"
551,"1"
552,"1"
553,"2"
555,"3"
556,"5"
557,"3"
558,"1"
561,"1"
562,"1"
564,"2"
567,"1"
568,"3"
569,"1"
570,"3"
571,"1"
574,"1"
576,"1"
579,"2"
580,"1"
581,"2"
582,"1"
583,"1"
584,"1"
585,"1"
586,"2"
587,"2"
589,"1"
590,"1"
591,"1"
592,"2"
593,"1"
594,"2"
596,"3"
597,"1"
598,"3"
599,"1"
600,"3"
601,"3"
602,"1"
603,"1"
604,"1"
607,"1"
609,"4"
610,"2"
611,"2"
612,"2"
613,"2"
614,"1"
615,"2"
616,"1"
617,"1"
619,"2"
620,"1"
621,"1"
622,"1"
624,"2"
625,"2"
626,"2"
627,"1"
629,"3"
630,"2"
631,"3"
632,"3"
634,"2"
635,"2"
637,"4"
638,"1"
639,"4"
640,"1"
641,"1"
643,"3"
644,"3"
647,"2"
648,"3"
649,"3"
650,"1"
651,"4"
652,"2"
654,"2"
655,"1"
656,"4"
657,"4"
658,"2"
659,"1"
660,"4"
661,"1"
662,"6"
663,"2"
664,"2"
665,"2"
666,"1"
668,"1"
669,"2"
670,"1"
672,"3"
673,"1"
674,"5"
675,"1"
676,"2"
677,"2"
678,"1"
679,"1"
680,"2"
681,"1"
682,"3"
685,"1"
686,"4"
687,"1"
688,"3"
689,"1"
691,"1"
692,"2"
693,"3"
695,"1"
696,"4"
697,"2"
700,"1"
701,"4"
702,"2"
703,"1"
705,"1"
706,"2"
709,"2"
710,"2"
716,"1"
717,"1"
718,"1"
720,"1"
721,"1"
722,"2"
723,"2"
724,"1"
725,"3"
726,"1"
727,"1"
728,"2"
729,"1"
731,"1"
732,"1"
734,"1"
736,"2"
741,"1"
747,"1"
754,"1"
761,"2"
765,"1"
766,"1"
767,"1"
768,"1"
771,"1"
773,"1"
776,"1"
778,"1"
784,"1"
793,"1"
810,"1"
812,"2"
816,"1"
821,"1"
822,"1"
829,"2"
834,"1"
839,"2"
840,"1"
842,"1"
846,"2"
848,"1"
851,"1"
857,"1"
862,"1"
871,"1"
874,"1"
879,"1"
883,"1"
888,"1"
890,"2"
894,"1"
897,"1"
904,"1"
905,"1"
907,"1"
908,"1"
919,"1"
922,"1"
926,"1"
940,"1"
943,"1"
1001,"1"
1008,"1"
1033,"1"